{
  "auc_train": 0.7999892233857103,
  "auc_val": 0.7588729386864085,
  "n_features": 126,
  "n_train": 246008,
  "n_val": 61503,
  "params": {"n_estimators": 150, "max_depth": 5, "learning_rate": 0.08}
}
