{
  "auc_train": 0.8155585396660541,
  "auc_val": 0.7684456589312068,
  "n_features": 375,
  "n_train": 246008,
  "n_val": 61503,
  "params": {"n_estimators": 150, "max_depth": 5, "learning_rate": 0.08}
}
